id,pregunta
[0],Cryptic CUDA error when fine-tuning a sequence classification model
[1],Cannot find google apps script for mynewfunction
[2],Not able to reset fields in apex
[3],unable to publish vite react app to github
[4],STM32F407 Debugging via JTAG: STICKYERR issue with DHCSR register access
[5],How do I add a custom access attribute to my WebAPI method?
[6],Access a json values by their key
[7],mocking a successful update test case with mongo DB and GO
[8],How to use Material 3 Theme and Components in Compose Desktop?
[9],RLU - What do these codes mean in PRTF DDS after I created a report using RLU?
[10],Sending an API call from webapp via local machin
[11],discord bot missing 1 required keyword-only argument?
[12],Docker container: Python smtplib connect throws ConnectionRefusedError
[13],problems with npm run build
[14],go http.Server sends no response even though the handler calls w.Write()
